Words,Frequency
#food,19
#reelkarofeelkaro,17
#reels,14
#explore,13
#reelsinstagram,12
#streetfood,12
#explorepage,12
#reelitfeelit,11
#trending,11
#foodieincarnate,10
#dilsefoodie,10
#MumbaiFoodJunkie,10
#mumbai,10
#mumbaifood,10
#easyrecipes,10
#foodtalkindia,10
#discover,10
#reelsindia,9
#delicious,9
#yummy,9
#foodiesfood_court,8
#flavours,8
#mumbaifoodblogger,7
#recipes,7
#paneerrecipes,7
#weekend,7
#delhi,7
#viralreeƒ∫s,6
#trendingreels,6
#recipeoftheday,6
#indianrecipes,6
#desikhana,6
#indianfood,5
#vegrecipes,5
#mumbairains,4
#streetsofindia,4
#dilsecouple,3
#foodfood,3
#breakfast,3
#andheri,3
#recipereels,3
#mumbaistreetfood,3
#southindianfood,3
#dosa,3
#paneertikka,3
#foodvideos,3
#chole,2
#cholebhature,2
#butterchicken,2
#chicken,2
#NewInMumbai,2
#bandra,2
#mumbaidiaries,2
#mumbaicity,2
#bandrawest,2
#mumbaioffers,2
#mumbaiblogger,2
#dadar,2
#dadarmumbaikar,2
#mumbairestaurants,2
#dadarwest,2
#desi,2
#borivali,2
#kandivali,2
#malad,2
#foodreels,2
#streetfoodindia,2
#manchurianrecipe,2
#vegmanchurian,2
#indochinese,2
#videooftheday,2
#soyabean,2
#exploremore,2
#quickrecipe,2
#soyachunks,2
#soyamanchurian,2
#soyachilli,2
#chillipaneer,2
#snacks,2
#instagram,2
#delhifoodblogger,2
#paneer,2
#viralvideos,2
#dubai,2
#EpicEpicure,2
#burgers,2
#drinks,2
#cafe,2
#surat,1
#gujarat,1
#sikh,1
#sikhisim,1
#shardai,1
#delhifoodcrush,1
#masala,1
#amarsirohi,1
#ros√©,1
#gulkand,1
#Reelitfeelit,1
#kashmir,1
#srinagar,1
#Wendys,1
#WendysBurgers,1
#YummyBurgers,1
#GreatDeal,1
#chai,1
#tea,1
#subhashnagar,1
#kulche,1
#naan,1
#butter,1
#southindian,1
#combos,1
#veg,1
#kachori,1
#recipe,1
#buffet,1
#rajasthan,1
#laalmaas,1
#parantha,1
#TimHortons,1
#TimHortonsNowInMumbai,1
#PudhilStationMumbai,1
#timhortonscanada,1
#mumbaicafe,1
#desifood,1
#bestcoffeeintown,1
#coffeelover,1
#donutsüç©,1
#TimHortonsMumbai,1
#Shopping,1
#NDTVBigBonus,1
#DealsDealsDeals,1
#Savings,1
#DiscountCoupons,1
#GiftCards,1
#SmartShopper,1
#LatestNews,1
#News,1
#IndiaNews,1
#NDTV,1
#Innovation,1
#SingleID,1
#Ad,1
#RewardProgram,1
#Mumbai,1
#mumbaishopping,1
#HotChocolate,1
#SoGoodIndia,1
#SoGood,1
#Consciousliving,1
#plantbasedmilk,1
#vegan,1
#almondmilk,1
#hotchocolaterecipe,1
#veganrecipe,1
#chocolovers,1
#homemaderecipes,1
#monsoonfood,1
#CaliforniaPizzaKitchen,1
#Pizza,1
#pizzatime,1
#mahim,1
#matunga,1
#pastalover,1
#navimumbai,1
#navimumbaifoodblogger,1
#Vadapav,1
#monsoondiaries,1
#aamchimumbai,1
#ashokvadapav,1
#NewRestaurant,1
#viralreels,1
#punjabi,1
#goanfood,1
#malvanifood,1
#andheriwest,1
#lokhandwala,1
#foodreview,1
#tandoori,1
#mumbaieats,1
#seafoodrestaurant,1
#budgetfriendly,1
#foodielife,1
#NewinMumbai,1
#SwaraReviews,1
#NamaskaramCafe,1
#borivaliwest,1
#borivalifood,1
#idli,1
#southindiancuisine,1
#JobAlert,1
#mumbaijobs,1
#mumbaijobsearch,1
#socialmediamarketing,1
#socialmediaintern,1
#videoeditor,1
#videoeditorjobs,1
#contentcreator,1
#jobvacancy,1
#KudratiKahumbo,1
#mocktails,1
#juices,1
#kandivalifood,1
#kandivaliwest,1
#mahavirnagar,1
#gujarati,1
#drinklocal,1
#drinkreels,1
#Saqi,1
#collab,1
#thingstodoinmumbai,1
#khar,1
#fusionfood,1
#indianfoodblogger,1
#mumbainightlife,1
#rava,1
#ravadosa,1
#healthybreakfast,1
#southindianbreakfast,1
#healthyfood,1
#healthyrecipes,1
#reelsvideo,1
#chutney,1
#instagood,1
#manchurian,1
#potatorecipes,1
#alootikki,1
#pakodarecipe,1
#breadpakoda,1
#paneerpakoda,1
#monsoon,1
#rainyday,1
#breadrecipes,1
#delhistreetfood,1
#matarkulcha,1
#cholekulche,1
#cholerecipe,1
#pindichole,1
#MustardOil,1
#HamdardMustardOil,1
#KachGhaniMustardOil,1
#IndianFood,1
#KitchenEssentials,1
#BihariDish,1
#Tasty,1
#Healthy,1
#CholesterolFree,1
#MustardOilDish,1
#Cooking,1
#DeliciousFood,1
#Sudhhata,1
#SarsoOil,1
#ChickenCookingOil,1
#LittiChokha,1
#bihar,1
#bainganbharta,1
#kurkure,1
#lays,1
#chips,1
#quickrecipes,1
#delhifood,1
#chaatrecipe,1
#layschaat,1
#laysrecipe,1
#snacksrecipe,1
#kurkurechaat,1
#chakna,1
#chaat,1
#bhelpuri,1
#paneerstuffedmoongdalchilla,1
#chilla,1
#cheela,1
#homecooking,1
#dosabatter,1
#moongdal,1
#moongdalchilla,1
#healthyrecipe,1
#breakfastrecipes,1
#vegpulao,1
#vegpulav,1
#paneerpulao,1
#cholepulao,1
#biryani,1
#eeeeeats,1
#pulao,1
#chickenbiryani,1
#chickenrecipes,1
#soyapulao,1
#paneerfrankie,1
#recipevideos,1
#paneerroll,1
#vegroll,1
#giveaway,1
#kathiroll,1
#eggrolls,1
#biharfoodblogger,1
#ftiinsider,1
#oldschoolclassics,1
#restaurants,1
#uae,1
#guide,1
#bookmark,1
#weekendgetaway,1
#weekendstays,1
#staycation,1
#chardindia,1
#friendshipday,1
#koreanbbq,1
#arcade,1
#bowling,1
#games,1
#bar,1
#cocktails,1
#delhincr,1
#fiopop,1
#fiorestaurants,1
#dinein,1
#orderin,1
#deliciousdiscoveries,1
#facts,1
#thedhanmill,1
#eateries,1
#bakes,1
#NewInTown,1
#thebigchillcafe,1
